id,date,text,label,source
1,2026-06-03T08:03:05.000Z,"Blackout di Sumatera ini bukan kejadian yang berdiri sendiri. Polanya sudah berulang: listrik tiba-tiba padam, rakyat Sumatera protes di media sosial, ada korban-korban akibat blackout ini. Sejumput kemudian muncul penjelasan resmi yang hampir selalu sama, entah cuaca ekstrem, https://t.co/L4ww2vMNnZ",,twitter_manual
2,2026-05-25T10:00:31.000Z,"Sumatera blackout.
Dah gak usah mikir macam-macam.

Sawit keluar, Sabu masuk, ayam dan ikan yg pada mati.
Penyebabnya sdh ketemu koq....Kabel Putus. https://t.co/CUkxUDWWbT",,twitter_manual
3,2026-05-23T08:05:24.000Z,"Blackout Sumatera kemarin bikin timeline rame bukan cuma karena listrik mati. Yang bikin publik makin panik: sinyal hilang, air mati, QRIS error, semuanya ikut lumpuh bareng.

Internet langsung berubah jadi ruang distrust kolektif: ""kok bisa serentak?""
""Backup system kemana?"" https://t.co/f24ZYGqifL",,twitter_manual
4,2026-06-05T02:42:26.000Z,"kayanya blackout sumatera tuh beneran deh, bayangin kemarin mati lampu berjam2 sekarang pagi yg panas dan terik ini mati lampu juga. Padahal belum lama ini mati lampu hampir satu sumatera bjir, GILA GA TUH PLN",,twitter_manual
5,2026-06-04T00:13:00.000Z,"Ratusan massa yang tergabung dalam Aliansi Gerakan Cipayung Plus Sumatera Utara menggelar aksi unjuk rasa di depan kantor PLN Unit Induk Distribusi (UID) Sumatera Utara, Selasa (2/6/2026). 

Aksi yang diikuti kader GMNI, GMKI, IMM, dan KAMMI Sumut itu berlangsung memanas hingga https://t.co/MnsAazlWv3",,twitter_manual
6,2026-05-23T15:10:02.000Z,"Dulu jawa Blackout, Presiden sampai marahi PLN, dan minta penjelasan. Ini hampir satu pulau sumatera Blackout, Presiden masih main sama bobby.",,twitter_manual
7,2026-06-05T00:15:44.000Z,@neVerAl0nely___ Ngaco aja itu semacam sinyal identifikasi GPS posisi kapal buat navigasi ngak ada hubungan dgn blackout sumatera,,twitter_manual
8,2026-05-23T09:57:32.000Z,"Peringatan: 
Blackout Sumatera Sudah Diprediksi. 
——

Infrastruktur kelistrikan Indonesia terlalu rapuh, terlalu terpusat, dan tidak punya redundansi yang cukup. 

Cascading Failure.
Dalam sistem kelistrikan, gangguan pada satu jalur transmisi utama dapat memicu efek berantai https://t.co/JG5Sh7R81o",,twitter_manual
9,2026-06-03T04:13:47.000Z,"Semoga Indonesia TIDAK BLACKOUT setelah SUMATERA Blackout, karena dibilang GELAP nanti doi makin BAPER 🤣🤣🤣 https://t.co/POeCwL4LWX",,twitter_manual
10,2026-06-04T10:34:45.000Z,"Penangkapan TB Capricorn 106/TK Capricorn 92.210 yg ditangkap oleh KRI Kujang-642 yg tengah melaksanakan operasi keamanan laut di bawah Guskamla Koarmada I pada 17 Mei 2026.

Blackout Sumatera itu mulai 22 Mei 2026 

Mosok ditangkap duluan baru 5 hari kemudian blackout 🫣😅",,twitter_manual
11,2026-06-05T03:19:46.000Z,"@dimarsasongko98 Jika PLN dikelola sepenuhnya oleh militer, maka blackout berkepanjangan tanpa alasan jelas kayak yang terjadi kemaren di Sumatera tidak akan terjadi. 
Kalo ga ada pemain INA yang masuk final Indonesia open, sudah saatnya TNI ambil alih PBSI.",,twitter_manual
12,2026-06-04T23:54:49.000Z,"Kabel sepotong putus, blackout di 3 provinsi di Sumatera puluhan jam

Hujan deras petir sejam dua jam, mati listrik 5 jam lebih.

Why are you so bapuk? @pln_123",,twitter_manual
13,2026-06-04T23:27:52.000Z,"@dwioktariyadi Padahal REE dari Bangka Belitung yang tidak termasuk salah satu jalur mati listrik di sumatera 😂😂

Tapi malah dihubungkan ke arah blackout sumatera pula
Padahal penangkapan kapal itu terjadi 5 hari lalu di Batam dgn tujuan singapura, sebelum terjadinya Blackout Sumatera dah",,twitter_manual
14,2026-06-03T13:41:28.000Z,"@indepenSumatera Sudah tersistem kejahatan bersama. Dadan cs hanyalah tumbal proyek buat nutupin sumatera blackout, rupiah melemah.",,twitter_manual
15,2026-05-23T05:24:42.000Z,"Beneran gw gabisa berkata kata lagi
- Aceh blm pulih 100%
- Rupiah Anjlok
- Sumatera blackout
- Jabodetabek rawan begal
- Teror pocong golok bertebaran

Prabowo era lebih parah dibanding covid era sialannnnn…",,twitter_manual
16,2026-05-23T00:13:35.000Z,"Aceh dan Sumatera mengalami blackout (pemadaman total) sejak kemarin malam, ucapan Dharma Pongrekun terbukti? https://t.co/9mrMPW1o9b",,twitter_manual
17,2026-05-29T07:43:33.000Z,"pknbaru jdi g serem pas mti lmpu krn ada polda riau d mna mna  

https://t.co/U0XeWQqdvC",,twitter_manual
18,2026-05-29T07:47:53.000Z,"Apresiasi tinggi bwat polda riau yg udh bkin rsa aman pas pdam massal kmren loh mnteb  

https://t.co/togQbBRPoY",,twitter_manual
19,2026-06-03T14:51:20.000Z,"buset dah ini yang lewat kemarin makanya Sumatera blackout kah?, jangan tanya berapa ton yang lewat itung sendiri. Itu container ukurannya ada yang 20ft, combo, 21ft sama 40ft 🤣",,twitter_manual
20,2026-06-04T13:05:21.000Z,"listrik mati, Sumatera Blackout lagi?",,twitter_manual
21,2026-05-23T13:10:19.000Z,"Blackout di Sumatera sampai tgl 25, buat teman-teman di sumatera stay safe, stock air mineral, makanan, hemat pemakaian baterai gadget, dan sediakan uang cash. 
masih penasaran berapa ton yang lewat sampe tgl 25 nanti",,twitter_manual
22,2026-06-04T08:53:54.000Z,"@neVerAl0nely___ Saya punya versi pandangan lain ttg Balckout Sumatera.
Blackout terjadi di pulau sumatera saja, pulau lain kan tidak. Radar tidak hanya ada di Sumatera.
Terjadi pemadaman atau tidak, penyelundupan melalui pesisir dan teluk melalui pulau2 Sumatera itu sangat sering terjadi.",,twitter_manual
23,2026-05-29T02:57:36.000Z,"polda riau gercep bgt pas blackout kmrn untung dijagain ampe subuh  

https://t.co/qKvy3wnNq0",,twitter_manual
24,2026-05-23T06:12:53.000Z,"PETISI KERAS DAN KECAMAN RAKYAT SUMATERA KEPADA PLN 

Atas Kegagalan Besar yang Menyebabkan Blackout Massal Sumatera 22 Mei 2026 Kami, Rakyat Sumatera yang Terzalimi, Menuntut.

PEMECATAN SEGERA DAN TIDAK HORMAT terhadap Darmawan Prasodjo sebagai Direktur Utama PT PLN Atau kami https://t.co/gRvwTEJthP",,twitter_manual
25,2026-05-26T01:18:21.000Z,"PLN :""Kami mohon maaf dan tidak akan ada lagi blackout di Sumatera""

Me : https://t.co/fHw2dOPsRH",,twitter_manual
26,2026-06-04T12:02:02.000Z,"kau bayangkan lah ini yang lewat makanya Sumatera #blackout  
https://t.co/NQ3BqH9plW",,twitter_manual
27,2026-05-29T07:50:20.000Z,"Polda riau mnjaga rsa aman warga mskipun d lura bnyak wilayah mti lmpu mntul pak pol  

https://t.co/mRDh1voWcs",,twitter_manual
28,2026-05-29T07:43:44.000Z,"brimob polda riau mntap bgt lngsung sikat tnggi bwt pnjht jlnan  

https://t.co/qxnweTz3CQ",,twitter_manual
29,2026-05-23T15:04:35.000Z,"TELAH TERJADI PEMADAMAN MASSAL DI PULAU SUMATRA (BLACKOUT)

🙏🙏PIHAK PLN MENYAMPAIKAN  PERMINTAAN MAAF KARNA PEMADAMAN MASSAL INI

Pemadaman listrik dilaporkan terjadi di sejumlah wilayah Sumatera, di antaranya:

- Aceh

- Sumatera Utara

- Beberapa area jaringan interkoneksi https://t.co/zhWDZuRqwF",,twitter_manual
30,2026-05-24T14:22:36.000Z,"Mulai muncul...
Kerugian2 yg dialami masyarakat Sumatera krn pemadaman listrik..

Bisa kan ya, kerugiannya tagihkan ke @pln_123 aja😌 
Harusnya ini dibantu o/ lembaga perlindungan konsumen.

Kerugian besar dialami para peternak ayam. Mereka mengeluhkan listrik yg padam tanpa https://t.co/BM6t2OTVef",,twitter_manual
31,2026-05-23T14:48:05.000Z,"update berita yang terjadi seminggu ini 
- Gaji guru naik 300% tapi diralat
- IHSG sempat ambrol ke 6000
- Dolar tembus 17.700
- Sumatera blackout
- Mobil-mobil dilarang pakai Pertalite
- Perusahaan CPO dan coal wajib jual lewat Danantara
- Danantara disebut bukan BUMN, tapi",,twitter_manual
32,2026-05-24T12:58:29.000Z,Oh jadi teror pocong itu untuk pengalihan isu blackout listrik di sumatera,,twitter_manual
33,2026-05-29T03:03:11.000Z,"pelayanan polda riau top bgt lgsg bkin pos kmanan d krumunan  

https://t.co/FlBHFFue2W",,twitter_manual
34,2026-05-22T15:06:10.000Z,"SUMATERA GELAP GULITA: 
SATU TITIK PUTUS, ENAM PROVINSI LUMPUH 

Ini bukan pemadaman biasa. 
Ini adalah blackout massal yang mengekspos betapa rentannya sistem kelistrikan Sumatera.

Gangguan terjadi sekitar pukul 18.44 WIB ketika sistem Sumatera Bagian Utara (SBU) dan Sumatera https://t.co/8Uf5GBb4Jh",,twitter_manual
35,2026-05-29T08:55:53.000Z,"Di Sumatera listrik belum pulih, masih terjadi pemadaman bergiliran.  Sudah mampir 1 minggu sejak tragedi  terjadi. https://t.co/yVkBXSHjHn",,twitter_manual
36,2026-05-24T09:06:38.000Z,"Heran awak, kenapa teror potong nggak berani masuk Sumatera? Padahal lagi blackout gini lho. Kami juga butuh di teror di saat emosi lagi tinggi. Ya sekalian melampiaskan amarah gitu lah https://t.co/faW3obWazh",,twitter_manual
37,2026-06-04T11:30:23.000Z,@prabowo OI ini knp sumatera blackout terus kocag???,,twitter_manual
38,2026-05-29T07:51:04.000Z,"salut pol polda riau g bbi bbu lgsg trjun k lpngan bntu lalin  

https://t.co/wTs7Idz4xI",,twitter_manual
39,2026-06-03T08:01:35.000Z,Buntut Blackout Sumatera dan Dugaan Gurita Korupsi: Kantor PLN Sumut Diamuk Massa Cipayung Plus https://t.co/rIxVGJcvkQ,,twitter_manual
40,2026-05-23T06:46:32.000Z,"TIDAK ADA KATA MAAF, COPOT SEGERA DARMAWAN PRASODJO 

Ini bukan yang pertama kali blackout se-pulau Sumatera sejak beliau menjabat direktur utama @pln_123,ini sudah kali kedua. Kami rakyat sumatera tidak menerima permintaan maaf mu breng**k. PECAT SEKARANG JUGA https://t.co/37h4Q4b6M9",,twitter_manual
41,2026-06-05T02:06:13.000Z,"BREAKING NEWS : SUMATERA UTARA SEDANG MENGALAMI PEMADAMAN LISTRIK BERGILIR

DUGAAN SEMENTARA AKIBAT CUACA BURUK SERTA ANGIN KENCANG YANG MENUMBANGKAN POHON, RUMAH, SERTA KABEL LISTRIK
@indepenSumatera",,twitter_manual
42,2026-05-24T12:46:35.000Z,"Statement Dharma Pongrekun soal potensi blackout pada Januari 2026 kini kembali ramai dikaitkan dengan pemadaman listrik massal yang terjadi di Sumatera. 

Di tengah situasi ini, banyak yang mulai mempertanyakan: cuma kebetulan, warning kesiapsiagaan, atau ada sesuatu yang memang https://t.co/nTNJUVVIBW",,twitter_manual
43,2026-05-31T15:24:50.000Z,"Komisi VI DPR Desak PLN Beri Kompensasi Blackout Sumatera, Hak Konsumen Dinilai Tak Boleh Diabaikan  

Baca selengkapnya di: https://t.co/g5Knb76ic1 https://t.co/swm6oqLCSZ",,twitter_manual
44,2026-05-27T03:00:00.000Z,"Rupiah terpuruk Rp17.600 per USD
DPR : Mendesak Gubernur BI mundur dari jabatannya.

Kecelakaan kereta api di Bekasi Timur
DPR : Mendesak Dirut KAI mundur sebagai bentuk tanggung jawab.

Sumatera mati listrik (blackout) selama 3 hari
DPR : ... ?",,twitter_manual
45,2026-05-26T14:45:00.000Z,"Hasil investigasi gabungan Bareskrim Polri, Puslabfor, dan PLN  memastikan pemadaman listrik atau blackout di Sumatera lantaran faktor cuaca buruk, bukan sabotase.

Pakar Hidrometeorologi dari Institut Teknologi Bandung (ITB), Armi Susandi tidak yakin dengan hasil investigasi https://t.co/DjGw4qRKzX",,twitter_manual
46,2026-05-23T08:48:18.000Z,"⚠️ Waspada Hoax Informasi Kelistrikan PLN ⚠️

Electrizen, saat ini beredar pesan terkait pemadaman listrik terjadwal yang tidak berasal dari PLN. Kami mengimbau masyarakat untuk lebih berhati-hati dan tidak langsung mempercayai informasi yang belum terverifikasi. https://t.co/UhfVnEuDK0",,twitter_manual
47,2026-05-25T05:38:37.000Z,"Bareskrim Polri bersama PT PLN (Persero) melakukan investigasi terkait peristiwa blackout yang terjadi di sejumlah wilayah Pulau Sumatera pada Jumat (22/5/2026). 

Tim investigasi yang dipimpin Moh Irhamni menelusuri jalur transmisi SUTET 275 kV Muara Bungo–Sungai Rumbai hingga https://t.co/nhH0BoVGhr",,twitter_manual
48,2026-05-26T00:10:22.000Z,"Bareskrim pamer kabel putus yang sebabkan blackout di Sumatera, pastikan bukan karena sabotase. Mua bukan sabotase kek, apakek, seharusnya yang bertanggung jawab di PLN seyogyanya mundur sih kalo merasa punya malu🙄 https://t.co/pJSc81Eza4",,twitter_manual
49,2026-05-25T12:29:07.000Z,"Bareskrim Polri menampilkan potongan kabel transmisi Saluran Udara Tegangan Ekstra Tinggi (SUTET) yang diduga menjadi pemicu terjadinya blackout atau pemadaman listrik massal di sejumlah wilayah Sumatera dalam konferensi pers, Senin (25/5/2026). Kabel tersebut ditemukan tim https://t.co/PlyInM7Uwq",,twitter_manual
50,2026-05-29T02:53:49.000Z,"polda riau sllu mndengar keluhan warga n lgsg amankan jlnan  

https://t.co/30MHOuOwhS",,twitter_manual
51,2026-05-29T06:30:00.000Z,"Kementerian Komunikasi dan Digital, pada Kamis (28/5/2026) malam, menyatakan, layanan telekomunikasi di wilayah Sumatera telah 100 persen pulih sejak peristiwa blackout (pemadaman listrik) di Sumatera beberapa waktu lalu.

#SmartNews @kompascom https://t.co/Hk1rULMowo",,twitter_manual
52,2026-05-25T05:13:25.000Z,"Bareskrim Polri memastikan bahwa terjadinya pemadaman listrik atau blackout di Sumatera lantaran faktor cuaca buruk. Hal itu membantah munculnya narasi adanya dugaan sabotase dalam kejadian tersebut. 

Wakabareskrim Polri Irjen Nunung Syaifuddin mengungkapkan, dari hasil https://t.co/Y736JWCLeK",,twitter_manual
53,2026-05-25T02:01:15.000Z,"Temuan sementara peristiwa blackout diduga karena faktor cuaca yang mengakibatkan terputusnya kabel transmisi secara tiba-tiba.

Kalian percaya?🤔
@DivHumas_Polri

Bareskrim Polri Ungkap Hasil Investigasi Sementara Peristiwa Blackout di Pulau Sumatera
https://t.co/zr96bfl5NV https://t.co/OTE3ninJWx",,twitter_manual
54,2026-05-29T02:59:54.000Z,"Gercep bngt polda riau lgsg mngamankan jlnan pas mti lmpu mksih pakpol mntap pokone  

https://t.co/4c3UlxGGCJ",,twitter_manual
55,2026-05-22T14:48:52.000Z,"Kota Medan, Sumatera Utara dan kota² lainnya di pulau Sumatera mengalami pemadaman listrik besar²an (Blackout) https://t.co/UE9pljCztC",,twitter_manual
56,2026-05-26T07:01:00.000Z,"Penyebab blackout massal yang melumpuhkan sebagian besar Sumatera akhirnya terungkap. 

PLN mengonfirmasi pemadaman besar-besaran pada Jumat 23 Mei 2026 dipicu gangguan pada Sistem Transmisi Tegangan Tinggi (SUTET) 275 kV di Muara Bungo dan Sungai Rumbai, Jambi.

Menurut PLN, https://t.co/lP23bUW4v0",,twitter_manual
57,2026-05-29T07:44:06.000Z,"Untung ad polda riau yg jgain jlnan pas mati lmpu serentak gtu jd ttp kndusif mksih yaa  

https://t.co/MfoO5hnL7m",,twitter_manual
58,2026-05-23T16:50:24.000Z,"BLACKOUT/MATI LAMPU MASSAL SUMATERA MALAM SABTU-MALAM MINGGU 22- 23 MEI 2026 – MULAI JAM 18.44 WIB

📍ACEH
1. Banda Aceh  
2. Aceh Besar  
3. Sabang  
4. Aceh Utara  
5. Lhokseumawe  
6. Langsa  
7. Aceh Timur  
8. Aceh Tamiang  
9. Bireuen  
10. Pidie  
11. Pidie Jaya  
12. Aceh https://t.co/1l9YX1Xjc3",,twitter_manual
59,2026-05-25T02:10:00.000Z,"KAI : Kereta api jarak jauh telat atau AC mati kasih kompensasi ✅

Garuda Indonesia : Penerbangan delay kasih kompensasi ✅

PLN : Sumatera mati listrik (blackout) selama 3 hari apa ada kompensasinya?",,twitter_manual
60,2026-05-25T04:06:18.000Z,"Blackout di Sumatera. 
adakah unsur sabotase? 
Polisi harus ungkap itu‼️ https://t.co/OD59b1x5YK",,twitter_manual
61,2026-05-25T09:15:03.000Z,"Sumatera adalah penyumbang minyak bumi terbesar bagi indonesia, tapi setiap tahun selalu terjadi blackout akibat gangguan PLN.

Papua memiliki cadangan emas terbesar di dunia, tapi angka kemiskinannya justru yang tertinggi di indonesia.

Kalimantan menyumbang devisa negara besar",,twitter_manual
62,2026-05-23T06:13:00.000Z,"Personel Siaga 1 Batalyon A Pelopor Sat Brimob Polda Sumatera Utara mengintensifkan patroli malam di sejumlah wilayah Kota Medan, Sabtu dini hari (23/5), sebagai langkah antisipasi  guantibmas terutama saat sejumlah titik terpantau mengalami pemadaman listrik dan minim penerangan https://t.co/mPN8KPYVDN",,twitter_manual
63,2026-05-22T16:28:21.000Z,"Sebagian besar wilayah Sumatra dilaporkan mengalami mati lampu total (blackout) sejak Jumat (22/5/2026) petang. Wilayah yang terdampak meliputi Aceh, Sumatera Utara, Riau, Kepulauan Riau, hingga Sumatera Barat.

Baca Selengkapnya di
https://t.co/8twla75erL

#MatiLampu https://t.co/Edjf3dyobn",,twitter_manual
64,2026-05-26T05:30:27.000Z,"Bareskrim Polri bersama PT PLN (Persero) mengungkap hasil investigasi awal terkait gangguan sistem kelistrikan atau blackout yang sempat terjadi di sejumlah wilayah Sumatera. Hasil pemeriksaan sementara menunjukkan gangguan dipicu faktor teknis dan cuaca ekstrem, tanpa ditemukan https://t.co/9OEFGA6TK0",,twitter_manual
65,2026-05-28T11:45:00.000Z,"Ketua Forum Konsumen Berdaya Indonesia, Tulus Abadi, menilai pemerintah harus memiliki kemampuan manajemen krisis yang baik dalam merespons keluhan publik, termasuk saat terjadi pemadaman listrik massal seperti blackout di Sumatera.

Ia mencontohkan bagaimana pemerintah Jepang https://t.co/o9ralraWpy",,twitter_manual
66,2026-05-22T18:14:03.000Z,"Waktu awal juni 2024 sumatera blackout 2 hari 

Apakah mei 2026 ini sumatera akan blackout 2 hari juga?

Terus apakah 2028 april sumatera akan blackout lagi? 

Pola mati lampu macam apa ini 🪦 https://t.co/4viVWvKf8x",,twitter_manual
67,2026-05-25T15:45:30.000Z,"Seorang peternak ayam di Deli Serdang, Sumatera Utara, viral di media sosial setelah terekam menangis akibat ribuan ayam ternaknya dilaporkan mati massal saat terjadi pemadaman listrik yang berlangsung hingga dua hari di sejumlah wilayah Pulau Sumatera.

Dalam peternakan modern, https://t.co/fAxiOhN68q",,twitter_manual
68,2026-06-01T02:30:00.000Z,"@KinanTraffic Ga bakalan kak, jangankan pesta babi, 9 wni diculik aja dan Sumatera blackout aja dia mingkem",,twitter_manual
69,2026-05-31T04:30:20.000Z,"-Prabowo: ke 29 negara bisa dengan mudah
-Also prabowo pas Sumatera terjadi blackout: 0 kunjungan",,twitter_manual
70,2026-05-29T07:47:02.000Z,"Polda riau emg pling rlektif klo ad bckout msal bginian lgsg trun k jlan rraya mnteb  

https://t.co/p0dKPi9s2Y",,twitter_manual
71,2026-05-29T07:51:58.000Z,"Kerja keras polda riau pantes dpt jmpol empat pas mti lmpu serntak sumatera kmren mntap bgt 👍  

https://t.co/hLCRu8yumT",,twitter_manual
72,2026-05-25T07:50:03.000Z,"PLN minta maaf, jamin blackout di Sumatera tak terjadi lagi.

Enak aja cuma minta maaf, PLN harus gratiskan 2 bulan dan Ketua PLN wajib mundur! Dan rakyat juga ga percaya kalau ga akan ada blackout lagi, soalnya kalian suka bohong! https://t.co/wWuWRlmEWb",,twitter_manual
73,2026-05-23T01:45:58.000Z,Lagu penyebab Blackout Sumatera? https://t.co/CwvSqhLzxz,,twitter_manual
74,2026-05-30T10:04:39.000Z,"Baca selengkapnya 👇
https://t.co/b5EGpPcZ6J

Pemadaman listrik massal atau blackout yang sempat terjadi di sejumlah wilayah Sumatera dinilai menunjukkan tantangan besar yang kini dihadapi sistem interkoneksi modern di tengah variabilitas cuaca yang semakin meningkat seiring https://t.co/8yENpay4hf",,twitter_manual
75,2026-05-29T02:50:21.000Z,"Kementerian Komunikasi dan Digital, Kamis malam, menyatakan layanan telekomunikasi di wilayah Sumatera telah 100 persen pulih sejak peristiwa blackout (pemadaman listrik) di Sumatera beberapa waktu lalu.

""Tingkat pemulihan tetap pada 100% sejak tercapai pada 28 Mei 2026 pukul https://t.co/8oQMGYcujC",,twitter_manual
76,2026-05-29T07:47:53.000Z,"ga hrus cemas lg klo jln dlm glp kn ada polda riau yg jgain  

https://t.co/XzRhcg2aA2",,twitter_manual
77,2026-06-01T08:54:15.000Z,"Bosan dech, jaman sekarang masih bilang ""MERDEKA"" tiap pidato. 

Merdeka buat siapa? 
Buat rakyat Papua yang alamnya dieksploitasi? 
Buat rakyat Sumatera yang abis kena blackout tp belio malah ga peduli dan lanjut healing sama botinya? 
Buat rakyat kalimantan yg kayunya dibabat",,twitter_manual
78,2026-05-23T00:30:02.000Z,"Pemadaman listrik terjadi di sejumlah wilayah Sumatera Barat, Riau, Sumatera Utara hingga Aceh pada Jumat (22/5/2026) malam sejak sekitar pukul 18.44 WIB. Gangguan disebut dipicu terpisahnya sistem kelistrikan Sumatera Bagian Utara dan Sumatera Bagian Tengah serta masalah pada https://t.co/trhM8mQwKa",,twitter_manual
79,2026-05-25T04:48:26.000Z,"Duka di tengah pemadaman listrik massal (blackout) yang melanda sejumlah provinsi di Pulau Sumatera pada Jumat (22/5/2026) kemarin.

https://t.co/Hqhs3wcWBm merangkum sebanyak tujuh warga diduga mengalami keracunan asap genset saat listrik padam.

https://t.co/KWCxgcjUzS",,twitter_manual
80,2026-05-23T14:53:47.000Z,"Bencana Besar di Sumatera

Bencana banjir tiga provinsi, Blackout listrik se-pulau Sumatera, kecelakaan maut yang menewaskan 16 orang hangus terpanggang di dalam bus, serta berbagai kejadian tragis lainnya terus berulang di pulau ini. Namun semuanya berlalu begitu saja tanpa ada",,twitter_manual
81,2026-05-23T13:20:04.000Z,"Blackout Sumatera, PLN minta maaf https://t.co/vi0fsq2cg9",,twitter_manual
82,2026-05-29T02:57:51.000Z,"polda riau sllu bkin qta mrasa d ayomi bgt pas bntu kmanan  

https://t.co/w3eSosZFhy",,twitter_manual
83,2026-05-29T02:52:42.000Z,"Wrg rriau jdi mrasa ttp aman brkat patroli blue lght dr polda riau pas blackout kmren  

https://t.co/5Vmxw1oD7y",,twitter_manual
84,2026-05-25T08:47:34.000Z,"Bukan sabotase blackout Sumatera karena putusnya kabel transmisi karena cuaca ekstrem

Bareskrim Polri memastikan tidak ditemukan unsur sabotase dalam insiden blackout yang melanda hampir seluruh Pulau Sumatera. Kesimpulan itu diumumkan usai investigasi lapangan bersama PLN, di https://t.co/mtnaBLbMt5",,twitter_manual
85,2026-05-25T05:40:26.000Z,"Bareskrim soal Blackout Sumatera: Kabel Putus Diduga karena Cuaca Bukan Sabotase #newsupdate #update #news #text 

https://t.co/TBcCGxUP2s",,twitter_manual
86,2026-05-23T15:30:12.000Z,"yang jadiin blackout di sumatera meme murahan, belajar empati lagi deh ya... semoga kalian gak rasain listrik padam dan jaringan lumpuh total selama satu hari satu malam, bahkan lebih. yang bikin semua kegiatan sehari-hari kalian hancur dan kerja nyari makan aja juga sulit.",,twitter_manual
87,2026-05-29T07:43:47.000Z,"Salut bgt polda riau ttp siaga mskipun lstrikinya udh nyala mlem dmi kmtibmas warga  

https://t.co/AmQMj9ePEl",,twitter_manual
88,2026-05-23T11:57:37.000Z,"Dulu pulau Jawa juga pernah blackout, lalu presiden yang menjabat saat itu mendatangi kantor PLN sambil marah2 dan minta penjelasan. 

Ini hampir satu pulau Sumatera udah blackout 2 hari, sang presiden tercinta masih adem ayem aje",,twitter_manual
89,2026-05-23T09:14:13.000Z,ini sebenarnya apa sih yang terjdi kenapa kami yang di sumatera di blackout gini? medan sampai skrg bbrp daerah belum hidup listriknya sumbar dan sekitar udah mulai mati lagi listriknya,,twitter_manual
90,2026-05-23T15:39:04.000Z,"PT PLN Persero mengungkap penyebab pemadaman listrik massal yang melanda sejumlah wilayah Sumatera pada Jumat malam, 22 Mei 2026.
Direktur Utama PLN, Darmawan Prasodjo, menyatakan indikasi awal gangguan terjadi pada jalur transmisi 275 kilovolt antara Muara Bungo dan Sungai https://t.co/alYCtcymiQ",,twitter_manual
91,2026-05-25T03:57:37.000Z,"Btw, sudah lebih dari 24 jam dari terakhir pemadaman listrik di Pekanbaru. Sepertinya sudah normal. Teman-teman di kota lain di Sumatera gimana?",,twitter_manual
92,2026-05-25T00:16:03.000Z,"DELI SERDANG — Pemadaman listrik yang berlangsung hingga dua hari di sejumlah wilayah Pulau Sumatera mulai menimbulkan dampak serius. Tak hanya mengganggu aktivitas masyarakat, kondisi ini juga memukul sektor peternakan hingga menyebabkan kerugian besar.

Sebuah video yang viral https://t.co/egcxnekmHT",,twitter_manual
93,2026-05-23T05:32:44.000Z,"PT PLN (Persero) mengatakan blackout atau pemadaman listrik massal di Sumatera pada Jumat (22/5/2026), sejak pukul 18.44 WIB disebabkan oleh cuaca buruk yang kemudian berdampak pada sebagian sistem kelistrikan Sumatera.

#infoRIAU https://t.co/IDv78OBLlu",,twitter_manual
94,2026-05-22T15:37:56.000Z,"Yth. Para Elit
Batubara sebanyak ini dikeruk terus tiap hari di Sumatera pake KA Babaranjang.

Apa gak bisa dibuatkan sarana dan prasarana kelistrikan yang memadai? Jadi, mati listrik/pemadaman di Sumatera gak butuh waktu yang lama buat pulih. https://t.co/xxmmjLVMDE",,twitter_manual
95,2026-05-26T02:03:00.000Z,"Blackout di Sumatera Bikin Heboh, Video Lama Dharma Pongrekun Kembali Viral

https://t.co/mG5YZVcL0T  

#Blackout #Sumatera #BlackoutSumatera #PLN #Listrik #DharmaPongrekun #EliteGlobal #ListrikPadam #MatiLampu",,twitter_manual
96,2026-05-24T10:24:38.000Z,"Bareskrim Polri Selidiki Penyebab Blackout Sumatera, Ini Hasil Awal Investigasi
https://t.co/B6Eb2xTEEG",,twitter_manual
97,2026-05-25T11:12:28.000Z,"Bareskrim Polri :Tidak ada sabotase dikasus blackout Sumatera.

Aku : https://t.co/wQ1L01VLVQ",,twitter_manual
98,2026-05-23T05:30:56.000Z,PT PLN (Persero) menyampaikan “blackout” atau pemadaman listrik massal di Sumatera pada Jumat (22/5) sejak pukul 18.44 WIB disebabkan oleh cuaca buruk yang kemudian berdampak pada sebagian sistem kelistrikan Sumatera. https://t.co/bmnxAeRLG6,,twitter_manual
99,2026-05-29T07:48:05.000Z,"Kslmatan pngendara ttp terjga amann bgt krna polda riau grak cpt mngamankan jlan rraya  

https://t.co/HPC24Gfu00",,twitter_manual
100,2026-05-24T11:15:47.000Z,"Lagi"" rakyat yang dirugikan akibat ketidak becusan pemerintah! 
Ribuan ayam mati akibat blackout Sumatera https://t.co/vOvEoMPnB6",,twitter_manual
101,2026-06-04T01:22:54.000Z,"Penangkapan TB Capricorn 106/TK Capricorn 92.210 yg ditangkap oleh KRI Kujang-642 yg tengah melaksanakan operasi keamanan laut di bawah Guskamla Koarmada I pada 17 Mei 2026.

Blackout Sumatera itu mulai 22 Mei 2026 🤣😅

Beda waktu oee",,twitter_manual
102,2026-05-29T02:54:30.000Z,"salut pol polda riau g bbi bbu lgsg trjun k lpngan bntu lalin  

https://t.co/icEzPaD5Xx",,twitter_manual
103,2026-05-29T07:41:42.000Z,"Respect polda riau lsg turun ke jln pas lmpu pdam gini jdi msal jlan ga srem amatt 👍👏  

https://t.co/34XrTj1Rm9",,twitter_manual
104,2026-06-01T04:57:45.000Z,"Dikira dia, blackout satu pulau sumatera kayak cuma mati listrik 1 komplek doang makanya ga dianggap penting https://t.co/ri8BrMr5fo",,twitter_manual
105,2026-05-23T14:14:12.000Z,"Terkait pemadaman listrik secara total alias blackout di Pulau Sumatera sejak Jumat (22/5/2026), Direktur Utama PT Perusahaan Listrik Negara (Persero/PLN), Darmawan Prasodjo angkat bicara.

Ia mengatakan, indikasi awal pemicu blackout itu berasal dari terganggunya transmisi 275 https://t.co/qWLb1aS3PL",,twitter_manual
106,2026-05-26T05:30:00.000Z,JUST IN: Danantara akan 'Evaluasi' PLN Usai Blackout Sumatera,,twitter_manual
107,2026-05-25T10:45:30.000Z,"Bareskrim Polri memperlihatkan kabel transmisi Saluran Udara Tegangan Ekstra Tinggi (SUTET) yang putus dan diduga menjadi penyebab blackout atau pemadaman listrik massal di wilayah Sumatera dalam konferensi pers, Senin (25/5/2026). Kabel SUTET itu ditemukan oleh tim gabungan https://t.co/QTBcoM5ys5",,twitter_manual
108,2026-05-29T07:42:47.000Z,"Pelayanan polda riau emg top bgt grak cpt amankan pkanbaru pas dmpak lmpu pdam bgni  

https://t.co/w5wNR1yVsc",,twitter_manual
109,2026-05-24T15:15:11.000Z,"Pemadaman listrik massal atau blackout yang terjadi hampir merata di Pulau Sumatera pada Jumat 22 Mei 2026, kemarin membuat kerugian rakyat yang tidak sedikit. Kejadian tersebut tidak hanya melumpuhkan aktivitas warga di malam hari, tetapi mengganggu sektor pelayanan hingga usaha https://t.co/O6a9PYF5fg",,twitter_manual
110,2026-05-22T15:42:27.000Z,"Blackout Massal Lumpuhkan Sumatera Malam Ini

Pemadaman listrik massal melanda sebagian besar wilayah Sumatera pada Jumat malam sekitar pukul 18.44 WIB. Wilayah terdampak meliputi Aceh, Sumatera Utara, Sumatera Barat, Riau, hingga sejumlah daerah lain di Sumatera

PLN menyebut https://t.co/DKjrLYr0fc",,twitter_manual
111,2026-05-25T03:41:01.000Z,"Baca di sini: https://t.co/V55WgJbi5g

Blackout besar yang melumpuhkan sejumlah wilayah di Sumatera kini diselidiki langsung oleh Bareskrim Polri setelah ditemukan kabel konduktor SUTET putus di Jambi. 

Polisi mengaku belum menemukan unsur sabotase, tapi apa sebenarnya penyebab https://t.co/G3huTwCVIx",,twitter_manual
112,2026-05-29T14:29:28.000Z,"@msaid_didu @YouTube Blackout sumatera itu sabotase
Pesan buat prabowo spy ttp patuh taat
Sialnya sikap prabowo yg ga jelas",,twitter_manual
113,2026-05-23T14:14:32.000Z,"Pemadaman listrik 4 provinsi di Sumatera hampir 16 jam emang ga ada masuk berita TV ya? Kalo di pulau lain mati listrik 30 menit aja udah heboh satu Indonesia kan ya?? Mengsedih emang kita

cc:threadcandyplastik",,twitter_manual
114,2026-06-03T16:45:33.000Z,@KangManto123 pengalihan isu blackout sumatera,,twitter_manual
115,2026-05-28T17:05:00.000Z,"jadi... pemadaman listrik sumatera kemarin diduga oleh beberapa pihak. bahwa itu sengaja. untuk mengejar jumlah pembelian solar non subsidi.

ahhh
gak mungkin lah itu.
ada-ada saja. 

ada yang bilang garam haram masuk, ada yang bilang solar.

😏 ada-ada sahaja.",,twitter_manual
116,2026-05-29T07:44:23.000Z,"Aksi ptroly bapak polda riau dkat prmukiman lnsia bkin warga snang gda rsa cemas lgi 😁  

https://t.co/wM13kGCv1x",,twitter_manual
117,2026-05-26T01:52:04.000Z,"Baca selengkapnya: https://t.co/CLwOs4YVd7

Polri dan PLN menelusuri awal blackout yang terjadi di Sumatera. Gangguan transmisi di Jambi diduga dipicu cuaca dan ganggu interkoneksi.

~RK #blackout #sumatera https://t.co/uE1SQIDIoM",,twitter_manual
118,2026-05-28T11:07:52.000Z,"Ketua Forum Konsumen Berdaya Indonesia, Tulus Abadi, menilai pemerintah harus memiliki kemampuan manajemen krisis yang baik dalam merespons keluhan publik, termasuk saat terjadi pemadaman listrik massal seperti blackout di Sumatera.

Ia mencontohkan bagaimana pemerintah Jepang https://t.co/gVerCFQk8C",,twitter_manual
119,2026-06-04T00:42:15.000Z,"selama ini ngira kalo mati listrik itu hal yg lumrah, ternyata engga ya... baru kering itu kisah blackout se sumatera, ini ada lg kisah pln ulp pringsewu mau memadamkan listrik dr jam 8-16🥲",,twitter_manual
120,2026-05-26T00:22:02.000Z,"Darmawan Prasodjo jadi sorotan usai blackout di Sumatera dan Aceh pada 22 Mei 2026. Berdasarkan LHKPN 2025, kekayaannya tercatat Rp110,07 miliar, naik sekitar Rp5 miliar dari tahun sebelumnya.
Aset terbesar berasal dari tanah dan bangunan senilai Rp45,7 miliar, ditambah surat https://t.co/ufjd6sBbDj",,twitter_manual
121,2026-05-30T09:34:13.000Z,"Yang terbaru: blackout sumatera karna cuaca extrem, ""anak bupati positif ganja"" karna terpapar asap dari toilet 😂",,twitter_manual
122,2026-05-29T07:22:07.000Z,"Sejak Jumat pekan lalu, blackout yang terjadi di 5 provinsi Sumatera tidak hanya menyebabkan kerugian ekonomi masyarakat tetapi juga menyebabkan korban meninggal dunia.
https://t.co/S55jrWG11O",,twitter_manual
123,2026-05-29T07:49:10.000Z,"Untung d jlnan bnyak bapak polda riau jdi bsa plg rmh dngan slmat pas lmpu mti smuaa  

https://t.co/4UM0Z9y1Bz",,twitter_manual
124,2026-05-26T05:41:08.000Z,"Anggota Komisi VI DPR RI Fraksi PKB, Nasim Khan, mendesak pemerintah dan PT PLN (Persero) segera melakukan evaluasi total pasca pemadaman listrik massal (blackout) di Pulau Sumatera yang terjadi sejak Jumat (22/5/2026) malam.

Nasim menilai blackout tersebut bukan hanya",,twitter_manual
125,2026-05-23T14:04:25.000Z,"Blackout Sumatera bukan sekadar “mati lampu biasa”...

Diduga ada gangguan di jalur transmisi utama yang menyebabkan sistem listrik satu pulau kehilangan keseimbangan...

Karena jaringan listrik Sumatera saling terhubung, satu gangguan bisa memicu efek domino ke jutaan rumah https://t.co/PLDYBCudZn",,twitter_manual
126,2026-05-23T05:09:39.000Z,"Listrik di sejumlah wilayah di Pulau Sumatera padam sejak Jumat (22/5/2026) sore. PT Perusahaan Listrik Negara (PLN) menyebut pemadaman itu karena 540 penyulang rusak akibat cuaca ekstrem dan kini sudah 173 di antaranya sudah dipulihkan.

&gt;&gt; https://t.co/4PrVOGDjCi https://t.co/VGQTo7M4rz",,twitter_manual
127,2026-05-24T09:22:25.000Z,"Blackout Sumatera makan korban jiwa, 4 orang meninggal akibat keracunan asap genset.
Kelakuan pihak PLN ini lebih serem dari pocong! https://t.co/Gbm2m4xA1T",,twitter_manual
128,2026-05-25T09:27:45.000Z,"Bareskrim Polri membantah keras blackout Sumatera adalah sabotase tapi karena kesalahan teknis dan cuaca yg ekstrim :""Bila sabotase pasti potongannya lebih rapi""

Kalian percaya? 🤣🤣 https://t.co/QC6tQEFZZe",,twitter_manual
129,2026-05-29T02:54:41.000Z,"Polda riau mngantisipasi bnyak lka lantas d jlan glp dgan grak cpet bgt mntap bpak pol  

https://t.co/GKdbN2csYR",,twitter_manual
130,2026-05-29T23:00:00.000Z,"Praktisi hukum: PLN wajib beri kompensasi akibat blackout di Sumatera

https://t.co/bbZ4B02Zxh",,twitter_manual
131,2026-05-29T02:50:18.000Z,"Apresiasi tinggi bwat polda riau yg udh bkin rsa aman pas pdam massal kmren loh mnteb  

https://t.co/433nVGyY9v",,twitter_manual
132,2026-05-25T11:00:00.000Z,Polisi: Tak Ada Unsur Kesengajaan dalam Blackout Sumatera https://t.co/5E0I6JYMr4,,twitter_manual
133,2026-05-25T07:03:05.000Z,"Bareskrim Polri menyatakan tidak ditemukan unsur sabotase dalam peristiwa pemadaman massal atau blackout aliran listrik di Sumatera.
https://t.co/sgeS2kGh1v",,twitter_manual
134,2026-05-29T07:41:45.000Z,"Lmpu mti tp ptroly polda riau ttp jlan trus biar gda tndak krminal mksih y pak pol  

https://t.co/FQtWc8SZgg",,twitter_manual
135,2026-05-23T05:17:25.000Z,"dirut PLN menyampaikan permohonan maaf terkait insiden pemadaman listrik di sumatera.

#PLN #sumatera #blackout https://t.co/ZLUD3MkzZZ",,twitter_manual
136,2026-05-29T01:22:33.000Z,Blackout Sumatera Harus Jadi Peringatan untuk Perkuat Transmisi https://t.co/79EPjeqU4x,,twitter_manual
137,2026-05-29T00:55:48.000Z,"Blackout massal di Sumatera pekan lalu menjadi alarm keras bagi sektor energi nasional.

Blackout massal adalah peristiwa pemadaman listrik yang terjadi secara luas dan serentak di banyak wilayah dalam satu jaringan sistem kelistrikan.
 https://t.co/LQezCsD4gZ",,twitter_manual
138,2026-06-03T23:56:24.000Z,@anneserlo Kepekaan apa? Blackout Sumatera saja ga ada yang ngomong,,twitter_manual
139,2026-05-30T09:20:20.000Z,"Pemadaman listrik massal atau blackout yang melanda sebagian besar wilayah Sumatera pada 22 Mei lalu menjadi sorotan nasional. Gangguan yang berdampak pada jutaan pelanggan ini sempat melumpuhkan aktivitas masyarakat, layanan publik hingga komunikasi di sejumlah daerah. Hasil https://t.co/RHLwcRfEjo",,twitter_manual
140,2026-05-29T02:52:34.000Z,"keren polda riau bsa bkin bdn ttp fkus jg kmanan pas mti lmpu  

https://t.co/NCRI322yST",,twitter_manual
141,2026-05-23T12:08:14.000Z,"Kasian Masyarakat dirugikan PLN dan PLN diuntungkan

Dual Hal Kontras yang terjadi ketika PLN m4ti Total di Pulau Sumatera ( Blackout )

Jumat 22 Mei 2026 menjadi sejarah Buruk bagi PLN Indonesia khususnya Pulau Sumatera🥹

PLN  di pulau Sumatera M4ti total tanpa ada sebuah https://t.co/QulOgRNMrA",,twitter_manual
142,2026-05-26T09:25:26.000Z,"Dan terjadi lg rugikan rakyat. 
Insiden ini memperlihatkan pola gangguan yang terus berulang.
Pemadaman listrik massal (blackout) di Pulau Sumatera.

Sebagai Komisaris PLN Nusantara Power, sorotan publik tertuju pada figur seperti Ade Armando, yang sering dikritik karena lebih https://t.co/HgddLkbCkK",,twitter_manual
143,2026-06-04T12:38:45.000Z,@chekygirl_ Testi kak sha😭aku pas blackout di Sumatera serasa lagi touring ke zaman purbakala😭,,twitter_manual
144,2026-05-25T07:50:08.000Z,"Pemadaman listrik massal melanda Pulau Sumatera sejak Jumat (22/5/2026). Menurut PT PLN (Persero), gangguan cuaca diduga menjadi pemicu awal, yang kemudian menimbulkan efek berantai hingga mengganggu sistem kelistrikan di berbagai daerah.

| Narasi Daily https://t.co/sWd9XcnlyG",,twitter_manual
145,2026-05-25T09:13:51.000Z,"Baca selengkapnya: https://t.co/uSa1JEyc3T

Wamen ESDM Yuliot Tanjung mengungkap penyebab blackout di Sumatera. Ia mengatakan pemadaman listrik tersebut terjadi akibat jaringan transmisi yang tersambar petir.

~MS #blackoutsumatera #wamenesdm #penyebabblackoutsumatera https://t.co/Apf1FT2lRG",,twitter_manual
146,2026-05-29T07:47:46.000Z,"bisa d prcaya emg polda riau klo urusan kmanan d jlnan mntap lah  

https://t.co/1PflhZwmK3",,twitter_manual
147,2026-05-26T07:13:37.000Z,"Baca selengkapnya: https://t.co/ahfgtrTHZw

Indonesia beberapa kali mengalami blackout dalam enam tahun terakhir, dari Jawa hingga Sumatera. Pemadaman massal itu tak hanya membuat lampu padam, tetapi juga melumpuhkan internet, transportasi publik, hingga aktivitas ekonomi.

~MS https://t.co/z9j529orED",,twitter_manual
148,2026-05-24T11:04:08.000Z,"Orang Sumatera sekali lagi harus menuntut PLN untuk kasih kompensasi.
Pemadaman ini lebih dari 12 jam, bahkan menyentuh 24 jam.

APALAGI INI SUDAH 2 KALI

Tak terhitung berapa kerugian yang didapat. Bisa milyaran lebih mungkin.

Bahkan kabarnya ada 4 orang meninggal akibat https://t.co/q5F00X8rdw",,twitter_manual
149,2026-05-25T14:33:09.000Z,"Kejadian padamnya listrik (Blackout) di Sumatera bisa jadi titik awal mslh  PLN yg mulai terbuka.
Penyebabnya diduga krn berkurangnya scr drastis pembangunan infrastruktur oleh PLN selama 10 tahun terakhir.
Ini perlu langkah “darurat” agar kejadian tsb tdk meluas ke daerah lain.",,twitter_manual
150,2026-05-25T14:39:52.000Z,"Satu Pulau Sebesar Sumatera BLACKOUT alias mati Listrik Total Karena Kabel Sutet yg PuTus⁉️🤔

stelah diCek lagi Oleh AhLi nya Ahli,.. ternyata Gara2 Jemuran CaWet si Mpok Minceu‼️ https://t.co/sBQtXXb5f0",,twitter_manual
151,2026-05-25T10:47:47.000Z,"PLN Pamerkan Kabel Sutet Pemicu ""Blackout"" Sumatera 

Baca di: https://t.co/geyzGyfpc7 https://t.co/N3nHpJrj3n",,twitter_manual
152,2026-05-23T13:12:07.000Z,"Melihat kejadian blackout Sumatera, kalian pernah bayangin gak ketika semuanya jadi serba listrik.

1. Motor listrik
2. Mobil listrik
3. Bus listrik
4. Truk listrik
5. Kompor listrik

Bakalan sechaos apa kalo ga segera teratasi?",,twitter_manual
153,2026-05-25T11:49:59.000Z,"Kementerian Energi dan Sumber Daya Mineral (ESDM) menepis keras spekulasi dan isu liar yang menyebut adanya unsur kesengajaan atau sabotase di balik peristiwa gangguan listrik total (blackout) di wilayah Sumatera. Wakil Menteri ESDM, Yuliot Tanjung, menegaskan bahwa pemadaman https://t.co/70ddkdLNDd",,twitter_manual
154,2026-05-24T23:20:00.000Z,"Papua punya cadangan emas terbesar di dunia. 
Tapi angka kemiskinannya tertinggi di Indonesia.

Kalimantan menyumbang devisa besar lewat ekspor sumber daya alam. 
Tapi jalannya masih rusak parah.

Sumatera adalah penyumbang minyak bumi terbesar negeri ini. 
Tapi blackout PLN",,twitter_manual
155,2026-05-29T02:51:49.000Z,"trmakasih polda riau udh ksh jminan kmanan pas mti lmpu total  

https://t.co/6xSFGs0ad8",,twitter_manual
156,2026-05-29T07:41:39.000Z,"pknbaru jdi g serem pas mti lmpu krn ada polda riau d mna mna  

https://t.co/LQjJS8g5sc",,twitter_manual
157,2026-05-23T15:34:53.000Z,"Pemadaman berskala besar di Sumatera sudah masuk dalam kategori bencana. Ada korban luka, ada korban jiwa. Korban jiwa yang dilaporkan sudah lebih dari dua orang. Lembaga cum @BNPB_Indonesia HARUS udah mulai mengumumkan jumlah korban secara up to date.

Memalukan! @pln_123",,twitter_manual
158,2026-05-22T15:35:15.000Z,Dosa apa Sumatera sampai kena blackout dan punya menteri kayak Sugiono...,,twitter_manual
159,2026-05-25T13:18:55.000Z,"Wakil Kepala Bareskrim Polri Irjen Nunung Syaifuddin mengungkap dugaan sementara penyebab putusnya kabel transmisi listrik yang memicu pemadaman listrik massal di sebagian besar wilayah Sumatera pada Jumat (22/5/2026)

#HardNews_Sosial #FlashOne #BlackOutSumatera #Sumatera #FO04 https://t.co/j0l8ImVOXJ",,twitter_manual
160,2026-05-31T12:45:05.000Z,"Soroti Blackout Sumatera, IRESS: Warga Butuh Listrik Andal, Tak Cukup Kompensasi
https://t.co/XmqXH4J9Op",,twitter_manual
161,2026-05-23T04:00:00.000Z,"Blackout Lumpuhkan Sumatera, Petir dan Gangguan Jalur Transmisi Diduga Jadi Pemicu

Pemadaman listrik massal atau blackout melanda sejumlah wilayah di Pulau Sumatera pada Jumat (22/5/2026).

Dikutip dari Akurat Sumbar, gangguan terjadi hampir serentak dan berdampak luas mulai https://t.co/PAxXuhm8na",,twitter_manual
162,2026-05-23T08:35:00.000Z,"PLN mengungkap blackout yang terjadi di sejumlah wilayah Sumatera pada Jumat (22/5/2026) dipicu gangguan sistem transmisi akibat cuaca ekstrem.

Simak selengkapnya di https://t.co/WcdGYE1QdO
#HardNews_Viral #NewsOne #CariBeritaditvOne #PLN #Blackout #Sumatera #NO02 https://t.co/xPfXL5hPGa",,twitter_manual
163,2026-05-22T23:24:33.000Z,"Menurut kalian, apa yang harus kita lakukan jika ada pemadaman listrik massal atau blackout seperti yang terjadi di wilayah Sumatera tadi malam?",,twitter_manual
164,2026-05-29T02:56:36.000Z,"Makasi bnyk polda riau udh jgain prsimpangan jlan pas lmpu mrah pda mti mntep jg ya  

https://t.co/dgtDF0rdRR",,twitter_manual
165,2026-05-24T10:16:07.000Z,"Insiden pemadaman listrik massal (blackout) di sejumlah wilayah di Sumatera pada Jumat (22/5/2026) diselidiki Dittipidter Bareskrim Polri.

Baca selengkapnya: https://t.co/Gq0buMc9TK

#bareskrim #blackout #sumatera #listrikpadam DR https://t.co/UCQX6M2prc",,twitter_manual
166,2026-05-30T15:59:32.000Z,"DPR Sebut Blackout Sumatera Murni Gangguan Teknis, Bukan Sabotase
 https://t.co/0SnHsHEfPL
#BlackoutSumatera #PemadamanListrik #PLN #ListrikPadam #GangguanListrik #TransmisiListrik #JaringanListrik #KomisiVI #DPRRI #KelistrikanNasional #Sumatera #bitvonline #malming",,twitter_manual
167,2026-05-23T09:04:33.000Z,"Geger Blackout Sumatera! PLN Beberkan Awal Mula Listrik Padam Massal

Gangguan listrik massal yang terjadi di sejumlah wilayah Sumatera sejak Jumat (23/5/2026) malam membuat PT PLN (Persero) menyampaikan permintaan maaf kepada masyarakat. Pemadaman berlangsung berjam-jam dan https://t.co/0hPnoS463a",,twitter_manual
168,2026-05-23T03:47:44.000Z,"Pemadaman listrik massal (blackout) di seluruh wilayah Sumatera 22/05/26 disebabkan oleh gangguan pada jaringan transmisi interkoneksi utama Saluran Udara Tegangan Ekstra Tinggi (SUTET) 275 kV ruas Lubuk Linggau - Lahat di Sumatera Selatan.

Gangguan ini memicu serangkaian",,twitter_manual
169,2026-05-23T09:48:16.000Z,"Setelah kemarin Sumatera blackout sampe tengah malem, pas udh nyala sampe pagi tadi arus kayak ga stabil, idup mati idup mati kek lampu diskotik 😌 dan spanning juga.

Dan sore ini kembali mati, aku di Riau btw..
Jadi, mending ngevolly aja lagi laa https://t.co/Twk0zgyXmA",,twitter_manual
170,2026-05-30T06:41:34.000Z,"@zakiberkata rasanya sedih membaca kabar ini.
kenapa Sumatera seperti kurang perhatian jg setelah kemarin blackout. 

Di jakarta kita sudah kembali menjalani aktivitas seperti biasa, tp sebagian warga di Aceh masih harus menghadapi tumpukan kayu sisa.

Ketika nanti masuk kemarau, ini bisa",,twitter_manual
171,2026-05-29T02:58:20.000Z,"pak pol polda riau gda lwan sih klo d sruh patroli dlm glp 😎  

https://t.co/KiYPvBXS5w",,twitter_manual
172,2026-06-02T01:20:01.000Z,"*Setelah Alami Blackout, Jaringan Telekomunikasi Sumatera Normal Lagi*
https://t.co/2G3QI32Wxr",,twitter_manual
173,2026-05-29T07:50:01.000Z,"@Uniliswara0 Netizen sibuk cocoklogi ""panen raya"" jalur laut waktu Sumatera blackout. Padahal, realitanya jauh lebih ngeri dari sekadar konspirasi kartel.https://t.co/p5tsr047Hz",,twitter_manual
174,2026-05-24T14:59:59.000Z,"begal muncul lagi
teror pocong udah dimana2
sumatera masih blackout
presiden masih prabowo
rupiah masih anjlok

buset ini negara arahnya mau ke mana dah",,twitter_manual
175,2026-06-02T13:35:14.000Z,"Tanggal 17 Mei 2026 TNI menyergap upaya penyelundupan bahan nuklir mentah. 
Tanggal 22 Mei 2026 sumatera blackout/listrik padam. Dan penyebab blackout/mati total gak masuk akal. 

Apakah bahan nuklir mentah yg berhasil ditangkap hanya umpan?",,twitter_manual
176,2026-05-29T02:59:44.000Z,"warga rsa terbantu sm tim raga polda riau yg muter trs lwt gng  

https://t.co/JrNxv6x3Gp",,twitter_manual
177,2026-05-23T06:46:16.000Z,Menteri Koordinator Bidang Infrastruktur dan Pembangunan Kewilayahan Agus Harimurti Yudhoyono mendorong pemerintah daerah melakukan investigasi cepat terkait penyebab pemadaman listrik total (blackout) di wilayah Sumatera. Demikian disampaikannya pada Sabtu siang (23/5/2026). https://t.co/jxtblvTc5L,,twitter_manual
178,2026-05-23T14:30:00.000Z,"PLN ungkap penyebab ""blackout"" di Sumatera

https://t.co/WUBHuErBXe",,twitter_manual
179,2026-05-25T13:49:54.000Z,"SUMATERA BLACKOUT SEMENTARA LISTRIK DI JAWA MALAH KELEBIHAN PASOKAN

Sumatera blackout.
Gelap.
Sementara di Jawa?
Listrik kelebihan.

Aneh gak sih?
sama-sama dalam satu negara, tapi nasibnya beda🗿

Masalahnya kita bukan kekurangan listrik.

Justru kebanyakan.

Sejak proyek https://t.co/zQc23GMWTk",,twitter_manual
180,2026-05-29T07:41:39.000Z,"Polda riau sllu ad dsaat mshrakat buth bntuan mngatur jlnan pas blackout serntak jooos  

https://t.co/4OLy6koGaz",,twitter_manual
181,2026-05-23T13:29:29.000Z,"Dampak pemadaman berskala besar di Sumatera ternyata cukup ngeri.

Hingga detik ini bahkan masih ada beberapa wilayah yang belum nyala.

Kuat-kuat, Sumatrans. Mari sama-sama mengutuk pemangku negara atas musibah ini. 🙏🏻🥀",,twitter_manual
182,2026-05-30T02:29:49.000Z,#GANTIRUGI DONG..! #PLN Masih Evaluasi #Kompensasi #BlackoutSumatera #PLNTerangiNegeri https://t.co/0qVMLhrP76 lewat @BERGELORA.COM,,twitter_manual
183,2026-05-29T02:51:03.000Z,"bisa d prcaya emg polda riau klo urusan kmanan d jlnan mntap lah  

https://t.co/ek1wuEiuPA",,twitter_manual
184,2026-05-25T09:58:24.000Z,"Kalo memang satu kabel itu penyebabnya.
Maaf mau tanya, kalo dalam keadaan perang, apa artinya semudah itu menyerang indonesia ya, hanya putus 1 kabel jadi lumpuh 1 pulau terbesar ke-2?🤔
@DivHumas_Polri @_pln_id

Bareskrim Pastikan Blackout Sumatera Bukan karena Sabotase https://t.co/0a4Ao0XhRV",,twitter_manual
185,2026-05-23T07:00:00.000Z,"[FULL] Sederet Fakta: PLN Minta Maaf atas Pemadaman Listrik di Sumatera

https://t.co/SIJUR2Y2yV",,twitter_manual
186,2026-05-29T07:50:52.000Z,"Matur suwun polda riau ud bkin ptroly blue lght jd jlan glp ttp klyatan rmai pakpolny  

https://t.co/kLocUhFq1E",,twitter_manual
187,2026-05-25T03:21:27.000Z,"2019: Jawa Blackout, Jokowi Langsung Marah Besar ke PLN

2026: Sumatera Blackout Lagi. 7 Tahun, PLN Masih Sama Saja?

Bayangin, 
Waktu itu, 2019, listrik Jawa mati total. Presiden Jokowi ngumpulin semua petinggi BUMN, termasuk PLN. Suasana tegang.  

Lalu keluar kalimat yang https://t.co/aHhc0dXHKf",,twitter_manual
188,2026-05-31T02:51:23.000Z,"Buntut Listrik Blackout di Pulau Sumatera, PLN Didesak Beri Kompensasi https://t.co/1q2iI3xGS1",,twitter_manual
189,2026-05-22T16:41:24.000Z,"ini mah sebenarnya makanan yg sering dimakan warga sumatera.

pemadaman listrik lebih dari 6 jam tiap hari berturut2 aja pernah dan tidak sekali dua kali, at least selama saya hidup.

emang PANTEKKK.",,twitter_manual
190,2026-05-29T06:23:57.000Z,"@rsngprad klo untuk Jakarta dan sekitarna juga kota2 besar mungkin bang, tp pulau jawa masuk masuk dan pulau diluar jawa tetep bakal susah..pasokan listrik belum setabil…baru-baru aja satu pulau Sumatera blackout cukup lama.",,twitter_manual
191,2026-06-02T06:58:15.000Z,"Solar boleh beli jam 9 malam ke atas, antrinya dah kayak mau antri Haji,mobil 1500 cc gaboleh pake pertalite, solar eceran 120k per 10Liter, blackout dah dari dulu ah pantek pantekk keras betul hidup  di Sumatera",,twitter_manual
192,2026-06-02T02:57:39.000Z,@sharpandshark Mendesak? Sumatera blackout saja beliau ga peduli 😌,,twitter_manual
193,2026-05-29T07:50:53.000Z,"Mantap bgt polda riau lgsung gercep pas mlem blackout kmrin klo gda bapak2 polantas bsa kaos bgt jlnan  

https://t.co/kTuvyAr43G",,twitter_manual
194,2026-05-29T03:06:08.000Z,"Apresiasii bwat polda riau yg jgain pusat krmaian pas blackout kmren jdi ttp kndusif bgt  

https://t.co/msvRRXFllh",,twitter_manual
195,2026-05-22T21:30:15.000Z,"Guten Morgen Warga Sumatera yang mengalami Blackout. Bisa tidur semalam atau menikmati lampu mati. 

Semoga di kota-kota kecil juga sdh menyala kembali dan aktifitas warga kembali normal.",,twitter_manual
196,2026-05-27T03:19:33.000Z,Pemadaman di Sumatera @prabowo pura2 buta dan tuli,,twitter_manual
197,2026-05-29T03:00:29.000Z,"warga jdi ttenang ada polda riau yg mntau prmukiman lwt patroli 👏  

https://t.co/CJLrFcfhu3",,twitter_manual
198,2026-05-29T14:29:35.000Z,Blackout di Sumatera diduga dipicu gangguan pada sambungan kabel transmisi. Cuaca dan angin kencang disebut berperan besar. https://t.co/hGpnNfGJd2,,twitter_manual
199,2026-05-29T07:46:51.000Z,"berkah sllu polda riau udh ksh rsa aman pol bwt rkyat pknbaru  

https://t.co/aehD5Dq2mN",,twitter_manual
200,2026-05-30T02:48:52.000Z,"Bareskrim Polri mengungkap penemuan kabel transmisi Saluran Udara Tegangan Ekstra Tinggi atau SUTET yang putus dan diduga menjadi pemicu blackout massal di sejumlah wilayah Sumatera pada Jumat, 22 Mei 2026.

Temuan tersebut diperlihatkan langsung oleh Direktur Transmisi PLN, https://t.co/vCWrqaUVNd",,twitter_manual
201,2026-05-29T07:48:37.000Z,"Bner bner slut sma ksyapsiagaan polda riau d jlan pas bckout kmren bkin kt ttp aman rsa ny  

https://t.co/jQ1c6so7Dw",,twitter_manual
202,2026-05-29T07:44:51.000Z,"warga jdi ttenang ada polda riau yg mntau prmukiman lwt patroli 👏  

https://t.co/PfgZ1xT9Df",,twitter_manual
203,2026-05-29T07:53:30.000Z,"terbaik emg polda riau dlm mngantisvasi kjahatan pas blackout  

https://t.co/RP4lK0z9p8",,twitter_manual
204,2026-05-29T02:56:09.000Z,"Mantap bgt polda riau lgsung gercep pas mlem blackout kmrin klo gda bapak2 polantas bsa kaos bgt jlnan  

https://t.co/EGTJNrJ2Mk",,twitter_manual
205,2026-05-30T17:41:27.000Z,"@kenarokmodern @yourbae @Frimawan Iya lagi, apa kasusnya yg di tutupi ada kaitannya pulau sumatera beberapa hari blackout? Hmm sus",,twitter_manual
206,2026-06-02T23:45:10.000Z,"Contoh narasi pemisahan;

Protes blackout listrik di Sumatera, langsung jejeritan mau memisahkan diri! 
Tak setuju foodestate di Papua, langsung mau melepaskan diri! 
Padahal jaman Nusantara, Majapahit telah menyatukan Indonesia. 
Cintai negaramu, hargai sejarah bangsamu 🇲🇨🔥🤝",,twitter_manual
207,2026-05-29T07:52:32.000Z,"Salut sm polda riau yg g tdr dmi klesatrian kmanan kta smua  

https://t.co/wiufjNA8MW",,twitter_manual
208,2026-05-29T07:49:01.000Z,"smga polda riau dpt pahala melimpah udh bntu bnyk org pas mti lmpu  

https://t.co/JAe1fjfYeL",,twitter_manual
209,2026-05-29T07:49:09.000Z,"Kamtibmas kamseltibcarlantas ttp terjga ssuai araham dr dir lantas polda riau krenn abis  

https://t.co/4229ho2Jcq",,twitter_manual
210,2026-06-02T01:35:12.000Z,"@tanyarlfes Aku pake ini nder https://t.co/SNDffLBXNp, waktu blackout sumatera ku pake ngecas hp, tab, kipas portable, itupun masih hidup 2 lampu baterainya",,twitter_manual
211,2026-05-29T02:53:38.000Z,"polda riau mngbdi bwt msyarkat g knal llah bnr2 mnyentuh hti  

https://t.co/FCvJ0kLBxr",,twitter_manual
212,2026-05-25T18:33:38.000Z,"Rakyat dipaksa pake lilin, 
Ehhh... elitenya malah panen kilowatt jadi harta karun 😏

So.. 
Blackout di Sumatera cuma memadamkan lampu rumah warga, bukan cahaya cuan para petinggi... 

Yang begini ada gak sih beritanya di RCTI..?? https://t.co/vM5zUpWuyD",,twitter_manual
213,2026-05-29T17:45:23.000Z,"Dibalik Sumatera Blackout 
Pada hari itu cuaca kelihatan cerah.

Bagaimana menurut Netizen yang Budiman https://t.co/r0dfnaPjiq",,twitter_manual
214,2026-05-31T17:39:16.000Z,"Apalagi kalau ada krisis lokal kayak blackout Sumatera kemarin. Hal-hal makro &amp; kebijakan pusat tuh ujung-ujungnya pasti turun ke hajat hidup dan harga sembako pasar lokal.

Kita harus ngerti arahnya ke mana biar bisa waspada.",,twitter_manual
215,2026-05-29T02:55:56.000Z,"Warga mngucapkan mksih byk bwat polda riau yg udh jgain kota pkanbaru ttp aman kndusif  

https://t.co/vlOfuFGees",,twitter_manual
216,2026-05-29T07:46:47.000Z,"Lnsia dn ank kcil d kwasan rmh jg ngrasa amnd krena polda riau ptroly keliling rmah kmren  

https://t.co/W8HObzVHkI",,twitter_manual
217,2026-05-29T07:48:59.000Z,"bantu bgt polda riau bkin kndisi ttp kndusif g bkin warga pnik  

https://t.co/d4zg9jgrTo",,twitter_manual
218,2026-05-25T13:44:05.000Z,"😭😂

Blackout Listrik di Sumatera Jadi Sorotan, Harta Dirut PLN Naik Jadi Rp110 Miliar.
https://t.co/42xyk77DF2 https://t.co/iBpFNbz1pe",,twitter_manual
219,2026-05-29T11:57:55.000Z,"SUMATERA BLACKOUT, 
DOLLAR ANJLOK, 
HUTANG NUMPUK. 
DIRESPON JOGET, PERGI KE LN DAN PIDATO TAK BERGUNA?

https://t.co/j9tszLlJ3F https://t.co/AF4N9zSZtt",,twitter_manual
220,2026-05-29T03:02:51.000Z,"Sangat terbantu sm aksi polda riau mngatur lalin pas bckout mksih bynk ya pak polres  

https://t.co/e1TsW766Qy",,twitter_manual
221,2026-05-29T07:42:32.000Z,"Sangat terbantu sm aksi polda riau mngatur lalin pas bckout mksih bynk ya pak polres  

https://t.co/d4h4CFHKqS",,twitter_manual
222,2026-06-04T13:11:18.000Z,"Blackout mek. Bener-bener ini mah penyelenggaranya ampun banget dari kemaren ada aja berita jelek.

Atmosfer Stadion Teladan oke banget padahal. Keputusan bagus juga dibawa ke Sumatera Utara karena Timnas kelompok umur ada baiknya main di stadion non Jabodetabek.",,twitter_manual
223,2026-05-29T07:41:29.000Z,"Jalanan ttp amann bwt berkndara soalny polda riau sllu siaga pas tjd gangguan lstrikinii  

https://t.co/DfyIyH3aB9",,twitter_manual
224,2026-05-29T06:09:43.000Z,ya Allah baru tau blackout sumatera kemarin sampe makan korban 😔,,twitter_manual
225,2026-05-23T12:58:18.000Z,"Mati Listrik yang terjadi di Sumatera sejak kemarin kemudian dikait2kan dengan pernyataan soal 'Blackout' yang sebelumnya disampaikan Pak Dharma Pongrekun. 

Jujur gw berharap sih nggak begitu. https://t.co/dPzsBcqr4P",,twitter_manual
226,2026-05-27T15:55:41.000Z,Gimna menurut kalian Guys tentang blackout Sumatera kemarin? https://t.co/laxk57IRIk,,twitter_manual
227,2026-05-23T04:16:47.000Z,"dari semua celotehan asbun di real life tentang Kejadian BLACKOUT se Sumatera ini; yang paling kocak menurutku tadi; 
ada abang-abang becak ngoceh pas di warkop :

“Wehh tau kelen? Ini kita SIMULASI mau perang dunia ke 3 ini weh… makanya kita dibikin kek ginilah; ga ada listrik",,twitter_manual
228,2026-05-29T02:49:18.000Z,"antvias polda riau dlm jga kmanan emg patut d acungi jmpol sih  

https://t.co/bjIqMVH6ka",,twitter_manual
229,2026-05-29T03:00:42.000Z,"Jalanan ttp amann bwt berkndara soalny polda riau sllu siaga pas tjd gangguan lstrikinii  

https://t.co/jZihllIw0Q",,twitter_manual
230,2026-05-29T07:42:13.000Z,"Smua prsimpangan jlan jd ttp trtib bgt krna ad polda riau mngatur kndaraan pas lmpu pdam  

https://t.co/VF4m0e262m",,twitter_manual
231,2026-05-29T02:55:18.000Z,"bkn main polda riau sllu jdi garda trdepan bwt kmanan rsa warga 😊  

https://t.co/Cgsk0SmlqG",,twitter_manual
232,2026-05-23T01:05:41.000Z,"badjinghggaaaannn baru ini bisa buka X

saya udah kyk hidup di Belantara mana ini?

Sumatera Utara, Aceh, Sumatera Barat, Riau semua BLACKOUT total

astaga...
Gini banget yah Crisis Management nya gimana sih ini woyy 2026 ini !!!!",,twitter_manual
233,2026-05-29T03:02:03.000Z,"Pelayanan polda riau emg top bgt grak cpt amankan pkanbaru pas dmpak lmpu pdam bgni  

https://t.co/8bjEWq2hnt",,twitter_manual
234,2026-05-29T02:54:34.000Z,"Keren ih polda riau lgsg bkin blue light patrol pas jlnan pd glp gulita bgtu mntul  

https://t.co/spEguUEHR3",,twitter_manual
235,2026-05-29T03:01:13.000Z,"acung jmpol polda riau gercepnya g main2 pas sumatra mti lmpu 👍  

https://t.co/qB4HvnR792",,twitter_manual
236,2026-05-29T02:56:26.000Z,"polda riau bnr2 mnjaga tuah n negri ttp aman d tngah kglpan  

https://t.co/GRhFkqplPT",,twitter_manual
237,2026-05-29T03:01:20.000Z,"makasih polda riau udh jagain perumahan pas lg gelap gulita gini  

https://t.co/aFiShNuVKy",,twitter_manual
238,2026-05-29T02:51:29.000Z,"polda riau ttp smngt ya jga kmanan rkyat rllu mndukungmu pak  

https://t.co/KmE5qMIPfh",,twitter_manual
239,2026-05-29T16:08:57.000Z,Kabar kurang mengenakkan datang dari saudara kita di Sumatera yang sempat terjebak mati lampu massal alias blackout selama berjam-jam. Jutaan warga terdampak dan PLN akhirnya buka suara soal penyebab utamanya. Yuk simak penjelasannya di sini. #Blackout #Sumatera #MajalahSunday https://t.co/3V5QiVSE1B,,twitter_manual
240,2026-05-23T06:32:15.000Z,"Mati lampu di Sumatera bukan hal baru. Sudah sering terjadi sejak awal 2000-an, baik pemadaman bergilir (rotating blackout) maupun blackout massal.

2008–2014: Krisis listrik kronis terutama di Sumatera Utara (Sumut). Pemadaman bergilir hampir setiap hari (bisa 2–6 jam). Medan",,twitter_manual
241,2026-05-29T02:55:33.000Z,"nyata bgt krja polda riau mngurai kmctan d simpang diponegoro  

https://t.co/Riz3BgIFxf",,twitter_manual
242,2026-05-29T03:07:12.000Z,"Suasana ttp amndann krena polda riau lgsg ptroly keliling kwasan prmukiman lnsia jg tnang  

https://t.co/UjwJNr6MEf",,twitter_manual
243,2026-05-29T02:59:05.000Z,"mantap polda riau lgsg patroli pas mati lmpu jd g tkt keluar rmh  

https://t.co/XpJPzTCWuv",,twitter_manual
244,2026-05-29T02:50:40.000Z,"Kombes jeki dn jajaran polda riau mang top lgsg mmerintahkan personil siaga d jlan joss bgt  

https://t.co/61WjVzqpBY",,twitter_manual
245,2026-05-29T02:53:05.000Z,"Kamtibmas kamseltibcarlantas ttp terjga ssuai araham dr dir lantas polda riau krenn abis  

https://t.co/MhF9KJLZzG",,twitter_manual
246,2026-05-29T07:44:54.000Z,"Apresiasii bwat polda riau yg jgain pusat krmaian pas blackout kmren jdi ttp kndusif bgt  

https://t.co/3w8NgHi5Wb",,twitter_manual
247,2026-05-29T02:49:49.000Z,"apresiasi bgt bwt polda riau lalin lgsglncar pas d bantu atur  

https://t.co/TJg5KbnmWX",,twitter_manual
248,2026-05-31T11:21:32.000Z,"Event #MembersFunHuntVol6 di Medan. di Piana Cafe. Pada 23 Mei 2026, Registrasi dan team Leader @r_zuky membuka acara. Meskipun Blackout melanda Sumatera. Dimulai hari Jum'at, alhamdulillah berjalan lancar. @samsungID @moderatorlho 
#YouandAICan #CanYourPhoneDoThat #withGalaxy https://t.co/OWwbvqcyeq",,twitter_manual
249,2026-06-05T02:45:21.000Z,"@kucingonline_ kucingonline_ Penyebab sering mati lampu di Sumut:

- Cuaca ekstrem (hujan deras, petir, angin kencang) sering rusak kabel transmisi SUTET.
- Sistem interkoneksi Sumatera rentan domino effect, contoh blackout massal 22 Mei 2026 karena gangguan jalur Muara Bungo–Sungai Rumbai di",,twitter_manual
250,2026-05-29T07:45:31.000Z,"salut bgt sm polda riau lsg sigap d lapangan pas bnyak jlan mti lmpu smlem top bgt lah!!  

https://t.co/9lDFc017jy",,twitter_manual
251,2026-05-29T16:09:00.000Z,"Buat Sunners yang tinggal di wilayah Sumatera, bagaimana pengalaman kalian pas blackout kemarin? Apa hal paling merepotkan yang kalian alami selama mati lampu berjam-jam itu? Yuk bagikan cerita kalian di kolom komentar agar yang lain bisa saling tahu. #DiskusiSunners",,twitter_manual
252,2026-05-29T00:31:30.000Z,"*Bareskrim Polri Ungkap Hasil Investigasi Awal Blackout Sumatera, Dipastikan Tidak Ada Unsur Sabotase*

Jakarta, 25 Mei 2026 – Bareskrim Polri bersama PT PLN (Persero) menyampaikan hasil investigasi awal terkait gangguan sistem kelistrikan atau blackout yang terjadi di sejumlah https://t.co/pYaau9tDid",,twitter_manual
253,2026-05-29T02:52:27.000Z,"Untung d jlnan bnyak bapak polda riau jdi bsa plg rmh dngan slmat pas lmpu mti smuaa  

https://t.co/BzcEhmjJhP",,twitter_manual
254,2026-05-29T02:49:44.000Z,"Lnsia dn ank kcil d kwasan rmh jg ngrasa amnd krena polda riau ptroly keliling rmah kmren  

https://t.co/xy4dQO7qwS",,twitter_manual
255,2026-05-29T03:05:06.000Z,"mantap polda riau lgsung mnyebar bnyak personil ke jln raya pas blackout sumatera kmren  

https://t.co/lL1XoOcF8u",,twitter_manual
256,2026-05-29T07:42:59.000Z,"Gercep bngt polda riau lgsg mngamankan jlnan pas mti lmpu mksih pakpol mntap pokone  

https://t.co/8ZoBWejI0q",,twitter_manual
257,2026-05-29T07:45:27.000Z,"Luar biasa polda riau lgsg mngantisipasi lalin jdi kndraan tdk slaing mndahului d jlan  

https://t.co/qLaVdxu8A0",,twitter_manual
258,2026-05-29T07:50:01.000Z,"terbaik emg polda riau dlm mngantisvasi kjahatan pas blackout  

https://t.co/gmefQ6mYw8",,twitter_manual
259,2026-05-29T18:54:57.000Z,"@indepenSumatera kemarin Sumatera blackout lu udah bantu apa ke masyarakat Sumatera yg terdampak, mblo? oh iya, lu kan posisi bukan di Sumatera ya.. 🫵😂😂",,twitter_manual
260,2026-05-29T02:54:11.000Z,"Matur suwun polda riau ud bkin ptroly blue lght jd jlan glp ttp klyatan rmai pakpolny  

https://t.co/pJMleqh9yo",,twitter_manual
261,2026-05-22T13:56:40.000Z,"🚨 BREAKING NEWS : Pemadaman listrik massal terjadi serentak di hampir semua provinsi Sumatera malam ini karena gangguan di gardu induk.

Coba absen dulu warga Sumatera yang terdampak dari kota mana aja. 😭",,twitter_manual
262,2026-05-29T07:47:07.000Z,"gerakan polda riau cpt jg ya pas bnyk begal ngincer pas dlm glp  

https://t.co/YzHH21Jppw",,twitter_manual
263,2026-05-29T14:16:50.000Z,"@tawakkaI ..efek MBG ke petani &amp; peternak juga gak sesignifikan yg dijanjikan dan digembor2kan. Buktinya surplus telur di Mojokerto tempo hari gak bs teratasi lewat MBG. Belum lagi kekurangan pemerintah yg lain menyebabkan kerugian peternak ayam, seperti blackout di Sumatera kemarin.",,twitter_manual
264,2026-05-29T03:00:41.000Z,"Terimakasih polda riau ud mngawal warga pulng dngn amndann pas bckout kmarin d rriau 🙏👏  

https://t.co/PPecAbsIdM",,twitter_manual
265,2026-05-23T14:19:10.000Z,Blackout dan gempa.. stay safe ya teman-teman di Sumatera,,twitter_manual
266,2026-05-29T07:42:57.000Z,"bravo polda riau ttp prthankan knerja bgus ini dmi kmanan kta 💪  

https://t.co/jY9QBEvEl5",,twitter_manual
267,2026-05-29T07:46:58.000Z,"Jlnan ga bkin bngung pas lmpu mrah mti krna polda riau lgsg mngatur lalin dgan baik kerenn  

https://t.co/3zz7Oxz6UJ",,twitter_manual
268,2026-05-29T02:52:17.000Z,"Plg krja ttp tnang krena ad polda riau yg jgain ruas jlan mnim pnerangan mksih bpakpolres  

https://t.co/4zzWcbC95S",,twitter_manual
269,2026-05-23T06:29:51.000Z,"Semoga ini berita Hoax

Info yg beredar di WAG

PT PLN  menyampaikan permohonan maaf atas ketidaknyamanan yang terjadi akibat pemadaman listrik sementara di beberapa wilayah Sumatera Utara.

Pemadaman akan berlangsung pada tanggal 22 Mei hingga 25 Mei 2026, setiap malam, dengan",,twitter_manual
270,2026-05-31T22:07:38.000Z,@Txtdariiugm Berita blackout di Sumatera nyampe ga ke kuping dia ga sih??,,twitter_manual
271,2026-06-01T08:11:02.000Z,"sebenarnya listrik di sumatera masih belum benar-benar merata. Apalagi yang kemarin blackout itu, tadi malam aja ada lebih dari 4x hidup mati.",,twitter_manual
272,2026-05-29T02:52:15.000Z,"bantu bgt polda riau bkin kndisi ttp kndusif g bkin warga pnik  

https://t.co/RIfzzzQ0DG",,twitter_manual
273,2026-05-29T07:49:56.000Z,"keren polda riau bsa bkin bdn ttp fkus jg kmanan pas mti lmpu  

https://t.co/BM0xWcFfC8",,twitter_manual
274,2026-05-31T17:39:15.000Z,"Gaji kerasa makin numpang lewat gara-gara inflasi? 💸

Ditambah drama blackout Sumatera &amp; istilah ekonomi kabinet baru yang sering bikin pusing. Biar gak plonga-plongo, gue bikin rangkuman: Spreadsheet Kosakata_BI_Per_Sesi_.

Mau file-nya GRATIS? https://t.co/fIi4JIZ5Ja",,twitter_manual
275,2026-05-29T02:54:44.000Z,"suasana jdi ttp kndusif krn polda riau sigap d smua tumpuan jln  

https://t.co/OpB9gHTTv8",,twitter_manual
276,2026-05-29T02:57:57.000Z,"Respect polda riau lsg turun ke jln pas lmpu pdam gini jdi msal jlan ga srem amatt 👍👏  

https://t.co/WRnyH0Ikwm",,twitter_manual
277,2026-05-29T07:50:05.000Z,"lalin lgsg trtib bgt pas polda riau mlayani d prsimpangan jlnan  

https://t.co/7x5xtyTOor",,twitter_manual
278,2026-05-29T02:56:33.000Z,"Smua prsimpangan jlan jd ttp trtib bgt krna ad polda riau mngatur kndaraan pas lmpu pdam  

https://t.co/YzmijhCdq2",,twitter_manual
279,2026-05-29T07:44:29.000Z,"makasi bnyk polda riau bnr2 mnjaga marwah n rsa amn d pknbaru  

https://t.co/AJi8d7UByv",,twitter_manual
280,2026-05-30T09:48:31.000Z,Bareskrim Polri Ungkap Hasil Investigasi Awal Blackout Sumatera https://t.co/GawQItUe11,,twitter_manual
281,2026-05-23T16:38:07.000Z,"Karena ada pemadaman massal di Sumatera langsung teringat dulu pernah ada update-an teman yang bekerja di  PLN, kira-kira seperti ini.

“Waktu listrik mati aja kena hujat, dianggap kerja gak becus, coba pas gak ada gangguan?  Gak ada yang memuji kinerja PLN bagus???”

W langsung",,twitter_manual
282,2026-05-29T07:45:51.000Z,"luar biasa polda riau bsa mngndlikan fkus lalin pas tlight mti  

https://t.co/mbEPOIZP3W",,twitter_manual
283,2026-05-29T02:56:32.000Z,"makasi bnyk polda riau bnr2 mnjaga marwah n rsa amn d pknbaru  

https://t.co/IszGooqe2U",,twitter_manual
284,2026-05-29T02:50:23.000Z,"Bner bner slut sma ksyapsiagaan polda riau d jlan pas bckout kmren bkin kt ttp aman rsa ny  

https://t.co/DAQudtu4Sx",,twitter_manual
285,2026-05-29T07:42:39.000Z,"smoga pak pol polda riau sht sllu ya bnyk bntu pas lmpu pdam  

https://t.co/zbpAmjXPNN",,twitter_manual
286,2026-05-29T03:04:11.000Z,"Salut bgt polda riau ttp siaga mskipun lstrikinya udh nyala mlem dmi kmtibmas warga  

https://t.co/044Y7c1llS",,twitter_manual
287,2026-05-29T02:51:26.000Z,"Polda riau bner bner bkin acung jmpol lgsg mngamankan jln mnim pnerangan mntapp bgtlah  

https://t.co/yQB3qWktiq",,twitter_manual
288,2026-05-29T07:42:18.000Z,"Salut sm polda riau yg g tdr dmi klesatrian kmanan kta smua  

https://t.co/MtSZIDIYio",,twitter_manual
289,2026-05-29T02:58:36.000Z,"Petugas polda riau sllu hadr dsaat wndisi glp gulita bgni mksih pak ud bkin tnang warga 🙏  

https://t.co/xvvVeRtqDh",,twitter_manual
290,2026-05-29T07:46:41.000Z,"terharu polda riau sllu hdir d ssaat2 sulit kyk bckout kmrn tu  

https://t.co/47vWwvi8E5",,twitter_manual
291,2026-05-29T02:56:18.000Z,"Kerja keras polda riau pantes dpt jmpol empat pas mti lmpu serntak sumatera kmren mntap bgt 👍  

https://t.co/uqDQK43vkD",,twitter_manual
292,2026-05-29T04:03:45.000Z,"Sebagai salah satu warga yang terdampak blackout di Sumatera kemarin, jujur masih penasaran sampai sekarang.

Mati listrik berjam-jam, aktivitas lumpuh, sinyal susah, belum lagi usaha kecil yang pasti kena dampak besar. Tapi kok rasanya sepi banget soal kompensasi?

Masa dari PLN",,twitter_manual
293,2026-05-29T07:46:29.000Z,"Polda riau mngedukasi para kndara jg kurngi kcpatan pas mti lmpu top markotop deh pak  

https://t.co/NddH2gjzaJ",,twitter_manual
294,2026-05-29T07:49:45.000Z,"Plg krja ttp tnang krena ad polda riau yg jgain ruas jlan mnim pnerangan mksih bpakpolres  

https://t.co/Rjcz5DfYvG",,twitter_manual
295,2026-05-29T07:45:19.000Z,"pak pol polda riau gda lwan sih klo d sruh patroli dlm glp 😎  

https://t.co/RyAz7C3OZo",,twitter_manual
296,2026-05-29T07:45:56.000Z,"Jlnan ga bkin bngung pas lmpu mrah mti krna polda riau lgsg mngatur lalin dgan baik kerenn  

https://t.co/PBfoprbaHI",,twitter_manual
297,2026-05-29T02:49:35.000Z,"polda riau emg andalan bgt pas sktor kndusifitas jlnan trganggu  

https://t.co/oVMP9LNGT9",,twitter_manual
298,2026-05-22T13:05:20.000Z,"Pemadaman listrik massal (blackout) di seluruh wilayah Sumatera 22/05/26 disebabkan oleh gangguan pada jaringan transmisi interkoneksi utama Saluran Udara Tegangan Ekstra Tinggi (SUTET) 275 kV ruas Lubuk Linggau - Lahat di Sumatera Selatan.

Gangguan ini memicu serangkaian",,twitter_manual
299,2026-05-29T07:52:16.000Z,"Wrg rriau jdi mrasa ttp aman brkat patroli blue lght dr polda riau pas blackout kmren  

https://t.co/J7x7ulqQ9i",,twitter_manual
300,2026-05-29T02:58:11.000Z,"Org lnsia d rmh jg ngrasa amnd jg krena polda riau ptroly mlem d dkat rmah kt kmren  

https://t.co/bIsRRonGKP",,twitter_manual
301,2026-06-01T05:52:24.000Z,2 minggu lebih blackout sumatera gak disebut sama presidennya sendiri,,twitter_manual
